user_id,ho_ten,thanh_pho,age_group,gioi_tinh,tong_giao_dich,so_sach_da_mua,tong_doanh_thu,trung_binh_don_hang,don_hang_lon_nhat,ngay_mua_dau_tien,ngay_mua_gan_nhat,clv_uoc_tinh
254,Đặng Cường,Hà Nội,25-35,Nam,230,230,48337000,210161,348000,2022-05-07,2025-12-25,72505500
107,Phạm Lan,Hà Nội,25-35,Nam,222,222,45491000,204914,348000,2022-05-20,2025-10-31,68236500
479,Phạm Sơn,Hải Phòng,25-35,Nam,216,216,45093000,208764,348000,2022-08-06,2025-09-30,67639500
321,Đặng Sơn,Hà Nội,25-35,Nữ,205,205,44797000,218522,348000,2022-01-01,2025-06-29,67195500
458,Lê Tâm,Hà Nội,36-45,Nam,208,208,44392000,213423,347000,2022-01-13,2025-11-29,66588000
93,Nguyễn Quân,Cần Thơ,25-35,Nam,220,220,44284000,201291,348000,2022-05-03,2025-12-29,66426000
138,Đỗ Tuấn,Đà Nẵng,18-24,Nam,197,197,43776000,222213,347000,2022-04-14,2025-11-29,65664000
73,Lê Uyên,HCM,25-35,Nam,201,201,43578000,216806,347000,2022-03-02,2025-09-28,65367000
52,Lê Yến,Cần Thơ,25-35,Nam,200,200,42856000,214280,348000,2022-06-03,2025-06-30,64284000
256,Dương Mai,Đà Nẵng,25-35,Nam,196,196,42277000,215699,348000,2022-12-02,2025-12-29,63415500
474,Lý Tuấn,Cần Thơ,36-4,Nữ,192,192,42234000,219969,348000,2022-01-04,2025-10-31,63351000
271,Lê Minh,Cần Thơ,18-24,Nam,200,200,41846000,209230,348000,2022-07-06,2025-12-31,62769000
50,Dương Sơn,HCM,36-45,Nữ,199,199,41810000,210101,348000,2022-01-01,2025-08-30,62715000
370,Đặng Tâm,HCM,18-24,Nữ,185,185,41702000,225416,348000,2022-02-03,2025-12-31,62553000
233,Ngô Nga,Đà Nẵng,25-35,Nam,199,199,41640000,209246,347000,2022-02-07,2025-11-28,62460000
18,Nguyễn Việt,Hà Nội,25-35,Nữ,195,195,41122000,210882,348000,2022-05-03,2025-11-28,61683000
382,Trần Tâm,Đà Nẵng,18-24,Nam,194,194,40880000,210722,348000,2022-07-07,2025-07-31,61320000
409,Vũ Dung,Hải Phòng,25-35,Nam,199,199,40667000,204357,348000,2022-04-04,2025-12-31,61000500
263,Trần Nam,HCM,18-24,Nữ,190,190,40559000,213468,348000,2022-04-02,2025-10-28,60838500
260,Phạm Tâm,HCM,25-35,Nữ,191,191,40123000,210068,348000,2022-02-03,2025-12-31,60184500
270,Phạm Việt,HCM,18-24,Nam,186,186,39992000,215011,348000,2022-01-05,2025-12-30,59988000
399,Hồ Linh,Cần Thơ,36-45,Nam,193,193,39638000,205378,348000,2022-05-02,2025-12-30,59457000
499,Đinh Hà,Hải Phòng,36-45,Nam,192,192,39517000,205818,348000,2022-10-03,2025-12-31,59275500
410,Đinh Long,HCM,36-45,Nam,188,188,39257000,208814,348000,2022-06-06,2025-09-30,58885500
274,Đặng Quân,Hải Phòng,25-35,Nữ,186,186,39246000,211000,348000,2022-01-08,2025-11-30,58869000
45,Đinh Trang,HCM,25-35,Nam,180,180,39028000,216822,348000,2022-01-09,2025-07-27,58542000
389,Lê Uyên,Cần Thơ,25-35,Nam,181,181,38868000,214740,348000,2022-02-01,2025-12-31,58302000
482,Lê Bình,Đà Nẵng,25-35,Nữ,189,189,38807000,205328,348000,2022-06-06,2025-12-31,58210500
252,Hồ Xuân,Hà Nội,36-45,Nữ,180,180,38790000,215500,348000,2022-08-11,2025-11-30,58185000
310,Phạm Xuân,HCM,25-35,Nam,183,183,38763000,211820,348000,2022-03-13,2025-12-31,58144500
300,Bùi Nga,HCM,25-35,Nữ,181,181,38753000,214105,348000,2024-02-01,2025-12-31,58129500
249,Đinh Linh,Hải Phòng,25-35,Nam,178,178,38625000,216994,348000,2022-06-05,2025-05-31,57937500
24,Đinh Quân,Hà Nội,25-35,Nữ,184,184,38482000,209141,347000,2022-04-05,2025-06-30,57723000
397,Đinh Hà,Cần Thơ,25-35,Nữ,199,199,38269000,192307,348000,2022-01-06,2025-11-30,57403500
246,Trần Hà,Hải Phòng,25-35,Nữ,178,178,38172000,214449,347000,2022-09-01,2025-12-30,57258000
61,Ngô Hùng,Hà Nội,25-35,Nam,182,182,37887000,208170,348000,2022-01-01,2025-12-31,56830500
297,Bùi Uyên,Cần Thơ,18-24,Nữ,174,174,37727000,216822,348000,2022-03-06,2025-10-29,56590500
478,Lê Xuân,Đà Nẵng,18-24,Nam,177,177,37702000,213006,348000,2022-02-02,2025-12-30,56553000
16,Trần Nam,HCM,25-35,Nữ,180,180,37472000,208178,348000,2022-03-05,2025-11-28,56208000
299,Phạm Uyên,Đà Nẵng,36-45,Nữ,182,182,37414000,205571,347000,2022-05-17,2025-10-29,56121000
174,Hoàng Thảo,HCM,25-35,Nữ,181,181,37178000,205403,348000,2022-03-05,2025-09-29,55767000
81,Đặng An,Cần Thơ,25-35,Nam,173,173,36477000,210850,348000,2022-08-03,2025-12-27,54715500
395,Dương Bình,Hà Nội,25-35,Nam,164,164,36466000,222354,347000,2022-01-01,2025-12-31,54699000
80,Phan Xuân,HCM,25-35,Nữ,173,173,36342000,210069,348000,2022-02-03,2025-09-29,54513000
72,Hoàng Long,HCM,25-35,Nữ,173,173,36251000,209543,348000,2022-09-02,2025-11-30,54376500
492,Dương Hải,Đà Nẵng,36-45,Nam,174,174,36160000,207816,347000,2023-01-07,2025-12-31,54240000
429,Đinh Nga,Hà Nội,36-45,Nam,169,169,36116000,213704,348000,2022-03-11,2025-10-31,54174000
332,Lý Mai,Cần Thơ,18-24,Nữ,165,165,35725000,216515,348000,2022-01-04,2025-12-31,53587500
261,Bùi An,Đà Nẵng,25-35,Nam,165,165,35637000,215982,348000,2022-01-04,2025-12-29,53455500
387,Đỗ Mai,HCM,25-35,Nữ,167,167,35528000,212743,348000,2022-05-10,2025-07-29,53292000
95,Ngô Khoa,Cần Thơ,25-35,Nữ,170,170,35520000,208941,348000,2022-01-05,2025-11-29,53280000
232,Hoàng Long,Hà Nội,25-35,Nam,168,168,35452000,211024,348000,2022-05-01,2025-10-31,53178000
415,Vũ Tâm,Đà Nẵng,18-24,Nam,165,165,35386000,214461,348000,2022-09-01,2025-11-28,53079000
295,Đặng Việt,HCM,25-35,Nữ,162,162,35157000,217019,348000,2022-01-02,2025-11-30,52735500
158,Vũ Lan,Cần Thơ,25-35,Nam,168,168,35147000,209208,348000,2022-04-12,2025-08-31,52720500
363,Ngô Tâm,Hà Nội,18-24,Nam,167,167,34984000,209485,348000,2022-01-01,2025-12-31,52476000
10,Ngô Khoa,Đà Nẵng,25-35,Nam,165,165,34891000,211461,347000,2022-07-14,2025-11-29,52336500
318,Hồ Thảo,HCM,25-35,Nam,166,166,34595000,208404,348000,2022-04-02,2025-12-31,51892500
244,Bùi Tâm,Hà Nội,36-45,Nữ,166,166,34509000,207886,347000,2022-01-01,2025-07-25,51763500
352,Đặng Long,Cần Thơ,25-35,Nữ,166,166,34418000,207337,347000,2022-01-03,2025-08-31,51627000
320,Đinh Khoa,HCM,36-45,Nam,163,163,34356000,210773,348000,2022-04-01,2025-10-30,51534000
413,Vũ Uyên,Hải Phòng,18-24,Nữ,163,163,34034000,208798,348000,2022-01-03,2025-11-30,51051000
280,Ngô Lan,Cần Thơ,25-35,Nam,159,159,33949000,213516,348000,2022-06-01,2025-07-31,50923500
220,Hồ Yến,Cần Thơ,25-35,Nữ,165,165,33942000,205709,348000,2022-03-11,2025-12-31,50913000
279,Đinh Oanh,Đà Nẵng,36-45,Nữ,161,161,33898000,210547,347000,2022-01-01,2025-12-31,50847000
272,Đặng Long,Cần Thơ,25-35,Nữ,154,154,33785000,219383,348000,2022-01-09,2025-09-28,50677500
151,Ngô Tuấn,Hải Phòng,25-35,Nữ,168,168,33780000,201071,348000,2022-01-08,2025-11-30,50670000
430,Nguyễn Xuân,HCM,36-45,Nữ,160,160,33765000,211031,348000,2022-04-10,2025-12-31,50647500
355,Đinh Tâm,HCM,25-35,Nam,155,155,33643000,217052,348000,2023-02-09,2025-11-25,50464500
236,Phạm Xuân,Đà Nẵng,36-45,Nữ,157,157,33637000,214248,348000,2022-01-17,2025-06-29,50455500
390,Lê Tâm,Cần Thơ,25-35,Nữ,158,158,33609000,212715,348000,2022-02-04,2025-09-24,50413500
416,Trần Trang,Hà Nội,36-45,Nữ,159,159,33567000,211113,348000,2022-05-10,2025-10-30,50350500
44,Ngô Long,Hải Phòng,18-24,Nam,166,166,33380000,201084,348000,2022-08-01,2025-10-31,50070000
470,Đỗ Hùng,Hải Phòng,25-35,Nữ,159,159,33253000,209138,348000,2022-01-05,2025-11-29,49879500
469,Lê Hùng,HCM,36-45,Nữ,157,157,33068000,210624,348000,2022-01-02,2025-12-31,49602000
132,Nguyễn Việt,HCM,18-24,Nam,157,157,32868000,209350,348000,2022-01-08,2025-11-25,49302000
460,Ngô Nga,HCM,36-45,Nữ,152,152,32829000,215980,348000,2022-08-01,2025-09-30,49243500
372,Phan Huy,HCM,25-35,Nữ,152,152,32825000,215954,348000,2022-02-01,2025-12-31,49237500
337,Đỗ Tuấn,Cần Thơ,25-35,Nam,161,161,32748000,203404,348000,2022-03-07,2025-12-31,49122000
341,Dương Thảo,Hà Nội,25-35,Nữ,156,156,32743000,209891,348000,2022-05-11,2025-10-30,49114500
4,Vũ Long,Đà Nẵng,25-35,Nữ,159,159,32695000,205629,348000,2022-01-13,2025-04-27,49042500
330,Nguyễn An,HCM,18-24,Nữ,154,154,32660000,212078,348000,2022-04-03,2025-12-31,48990000
447,Đỗ Thảo,Hải Phòng,36-45,Nam,158,158,32427000,205234,348000,2022-05-03,2025-12-30,48640500
154,Nguyễn Linh,Hà Nội,36-45,Nữ,155,155,32301000,208394,348000,2022-02-11,2025-09-29,48451500
428,Dương Xuân,Cần Thơ,18-24,Nam,148,148,32296000,218216,348000,2022-07-01,2025-11-30,48444000
227,Hoàng Huy,Hải Phòng,25-35,Nam,147,147,32218000,219170,348000,2023-01-02,2025-11-30,48327000
153,Trần Thu,HCM,25-35,Nữ,143,143,32178000,225021,348000,2022-11-02,2025-10-31,48267000
185,Đặng Việt,HCM,36-45,Nữ,152,152,31905000,209901,348000,2022-01-13,2025-11-25,47857500
371,Dương Yến,HCM,25-35,Nam,147,147,31905000,217041,348000,2022-01-01,2025-11-30,47857500
247,Lê Hùng,Hà Nội,18-24,Nam,154,154,31892000,207091,348000,2022-02-03,2025-09-30,47838000
491,Đặng Huy,Hà Nội,36-45,Nữ,145,145,31707000,218669,348000,2022-05-02,2025-11-27,47560500
444,Trần Hùng,Hà Nội,25-35,Nữ,157,157,31691000,201854,348000,2022-03-13,2025-12-30,47536500
9,Phan Huy,Đà Nẵng,25-35,Nữ,147,147,31682000,215524,348000,2022-01-01,2025-11-30,47523000
250,Hồ Linh,Cần Thơ,25-35,Nam,147,147,31664000,215401,348000,2022-01-09,2025-10-30,47496000
85,Trần Tâm,Hà Nội,25-35,Nam,147,147,31605000,215000,347000,2022-02-03,2025-09-28,47407500
292,Hoàng Tâm,HCM,25-35,Nam,152,152,31538000,207487,348000,2022-03-01,2025-12-31,47307000
12,Trần Huy,Hải Phòng,25-35,Nữ,149,149,31510000,211477,348000,2022-03-11,2025-07-31,47265000
215,Lý Oanh,Đà Nẵng,36-45,Nữ,151,151,31478000,208464,348000,2022-04-03,2025-04-29,47217000
262,Phan Bình,Hải Phòng,25-35,Nữ,145,145,31440000,216828,347000,2022-03-09,2025-07-31,47160000
42,Dương Thu,Hà Nội,25-35,Nam,149,149,31418000,210859,348000,2022-06-08,2025-10-29,47127000
11,Hồ Long,HCM,18-24,Nam,151,151,31354000,207642,348000,2022-02-05,2025-04-29,47031000
92,Phan Yến,Đà Nẵng,25-35,Nữ,147,147,31342000,213211,348000,2022-01-02,2025-12-31,47013000
29,Hồ Thu,Đà Nẵng,36-45,Nam,150,150,31313000,208753,347000,2022-08-09,2025-08-27,46969500
385,Dương Yến,Đà Nẵng,25-35,Nam,143,143,31290000,218811,348000,2022-07-05,2025-11-30,46935000
426,Đinh Oanh,Hà Nội,25-35,Nữ,150,150,31271000,208473,347000,2022-02-01,2025-11-29,46906500
74,Nguyễn Huy,Cần Thơ,25-35,Nữ,134,134,31238000,233119,347000,2022-06-03,2025-09-30,46857000
308,Dương Trang,Hà Nội,25-35,Nam,153,153,31190000,203856,348000,2022-03-01,2025-03-30,46785000
464,Phan Hải,Đà Nẵng,25-35,Nam,145,145,31171000,214972,348000,2022-08-01,2025-07-31,46756500
23,Đinh Sơn,HCM,25-35,Nam,152,152,31145000,204901,348000,2022-01-01,2025-11-29,46717500
230,Ngô Oanh,Đà Nẵng,25-35,Nữ,144,144,31092000,215917,348000,2022-02-02,2025-11-29,46638000
400,Đặng Cường,Cần Thơ,36-45,Nam,146,146,31071000,212815,348000,2023-02-03,2025-11-26,46606500
98,Phạm Việt,Hà Nội,25-35,Nữ,145,145,31013000,213883,348000,2022-05-09,2025-12-31,46519500
121,Hồ Oanh,Cần Thơ,18-24,Nam,144,144,30957000,214979,348000,2022-02-06,2025-08-31,46435500
101,Lý Xuân,HCM,36-45,Nữ,150,150,30909000,206060,348000,2022-05-04,2025-09-29,46363500
328,Lê Minh,Đà Nẵng,36-45,Nam,143,143,30879000,215937,348000,2022-09-03,2025-12-29,46318500
5,Vũ Dung,HCM,36-45,Nữ,145,145,30854000,212786,348000,2022-01-06,2025-12-30,46281000
326,Lê Việt,Đà Nẵng,25-35,Nữ,147,147,30735000,209082,348000,2022-02-05,2025-12-31,46102500
381,Lê Xuân,HCM,18-24,Nữ,146,146,30691000,210212,348000,2022-03-05,2025-06-30,46036500
135,Nguyễn Thảo,Hải Phòng,25-35,Nam,137,137,30665000,223832,348000,2022-03-12,2025-10-31,45997500
303,Dương Thu,Hà Nội,25-35,Nữ,142,142,30632000,215718,348000,2022-06-08,2025-11-30,45948000
35,Nguyễn Việt,Hải Phòng,18-24,Nữ,150,150,30522000,203480,348000,2022-01-19,2025-12-31,45783000
60,Vũ Uyên,Hà Nội,25-35,Nữ,148,148,30413000,205493,348000,2022-06-01,2025-12-30,45619500
58,Bùi Trang,HCM,25-35,Nam,147,147,30381000,206673,348000,2022-03-09,2025-12-31,45571500
333,Phạm Uyên,HCM,25-35,Nam,139,139,30080000,216403,348000,2022-01-01,2025-04-30,45120000
47,Vũ Sơn,Hà Nội,18-24,Nam,138,138,30074000,217928,348000,2022-02-01,2025-12-31,45111000
167,Ngô Trang,Hà Nội,36-45,Nữ,136,136,30073000,221125,348000,2022-03-03,2025-06-29,45109500
401,Ngô Long,HCM,36-45,Nam,135,135,30009000,222289,347000,2022-01-04,2025-08-29,45013500
86,Dương Tâm,Hà Nội,18-24,Nam,146,146,29977000,205322,348000,2022-01-16,2025-07-31,44965500
360,Hồ Trang,Đà Nẵng,18-24,Nam,149,149,29918000,200792,348000,2022-01-01,2025-09-30,44877000
222,Phạm Tâm,Đà Nẵng,18-24,Nữ,146,146,29825000,204281,347000,2022-01-05,2025-10-31,44737500
486,Đinh Nga,Hải Phòng,18-24,Nữ,130,130,29806000,229277,348000,2022-04-05,2025-10-31,44709000
431,Vũ Phúc,HCM,18-24,Nam,141,141,29797000,211326,348000,2022-06-03,2025-09-29,44695500
484,Bùi Oanh,Đà Nẵng,25-35,Nam,146,146,29372000,201178,348000,2022-05-05,2025-05-31,44058000
454,Đỗ Long,Hải Phòng,25-35,Nữ,143,143,29279000,204748,344000,2022-05-03,2025-12-30,43918500
34,Ngô Phúc,Hải Phòng,18-24,Nam,133,133,29277000,220128,348000,2022-01-04,2025-12-31,43915500
63,Hồ Huy,Cần Thơ,25-35,Nữ,145,145,29173000,201193,347000,2022-06-10,2025-11-30,43759500
489,Nguyễn Long,Hải Phòng,25-35,Nữ,138,138,29153000,211254,348000,2022-02-06,2025-11-30,43729500
442,Phạm Minh,Hải Phòng,25-35,Nữ,135,135,29089000,215474,348000,2022-02-01,2025-05-31,43633500
28,Trần Tuấn,Hà Nội,25-35,Nữ,148,148,29086000,196527,347000,2022-01-05,2025-09-27,43629000
89,Hoàng Thảo,Cần Thơ,18-24,Nữ,132,132,29059000,220144,347000,2022-02-03,2025-07-30,43588500
208,Hồ Long,Đà Nẵng,18-24,Nam,129,129,28764000,222977,348000,2022-01-19,2025-12-31,43146000
287,Hồ Sơn,Hà Nội,25-35,Nữ,138,138,28733000,208210,348000,2022-04-07,2025-05-31,43099500
200,Ngô Oanh,Cần Thơ,36-45,Nữ,133,133,28675000,215602,348000,2022-01-08,2025-12-30,43012500
144,Ngô Phúc,Hà Nội,36-45,Nữ,134,134,28656000,213851,348000,2022-05-13,2025-03-31,42984000
439,Phạm Mai,Đà Nẵng,36-45,Nữ,139,139,28648000,206101,348000,2022-01-11,2025-11-29,42972000
218,Đỗ An,Đà Nẵng,25-35,Nam,147,147,28646000,194871,348000,2022-01-06,2025-11-29,42969000
424,Phan Khoa,Hà Nội,25-35,Nữ,132,132,28514000,216015,348000,2022-04-03,2025-07-25,42771000
286,Đinh Bình,HCM,25-35,Nam,140,140,28459000,203279,348000,2022-01-01,2025-08-31,42688500
59,Phan Tuấn,HCM,25-35,Nam,133,133,28392000,213474,348000,2022-01-03,2025-06-30,42588000
56,Lê Tâm,Hải Phòng,36-45,Nữ,141,141,28390000,201348,348000,2022-04-06,2025-06-30,42585000
21,Phạm Hùng,Đà Nẵng,25-35,Nam,139,139,28384000,204201,348000,2022-01-04,2025-07-30,42576000
180,Ngô Long,HCM,25-35,Nam,134,134,28362000,211657,348000,2022-07-01,2025-05-31,42543000
6,Trần Trang,HCM,25-35,Nữ,136,136,28354000,208485,348000,2022-05-06,2025-12-31,42531000
183,Bùi Tuấn,Hải Phòng,18-24,Nữ,142,142,28348000,199634,348000,2022-10-04,2025-10-31,42522000
145,Hoàng Tuấn,HCM,25-35,Nam,129,129,28312000,219473,348000,2022-01-04,2025-11-29,42468000
110,Dương Trang,HCM,18-24,Nam,131,131,28294000,215985,348000,2022-01-01,2025-11-30,42441000
115,Dương Tuấn,Đà Nẵng,18-24,Nữ,136,136,28168000,207118,348000,2022-04-01,2025-08-31,42252000
123,Bùi An,Hà Nội,25-35,Nữ,135,135,28043000,207726,348000,2022-03-03,2025-12-31,42064500
373,Phan Thảo,HCM,18-24,Nữ,133,133,27997000,210504,348000,2022-02-08,2025-10-31,41995500
242,Trần Sơn,Hải Phòng,25-35,Nữ,130,130,27988000,215292,348000,2022-02-04,2025-04-27,41982000
67,Hồ Uyên,HCM,25-35,Nam,128,128,27988000,218656,348000,2022-05-16,2025-10-30,41982000
196,Đặng Bình,Hà Nội,25-35,Nam,129,129,27981000,216907,348000,2022-01-01,2025-09-29,41971500
396,Đinh Đức,Hải Phòng,36-45,Nam,124,124,27794000,224145,347000,2022-01-05,2025-04-28,41691000
66,Đặng Nga,Hà Nội,18-24,Nam,132,132,27783000,210477,348000,2022-11-02,2025-12-31,41674500
166,Đặng Thu,Cần Thơ,18-24,Nam,128,128,27716000,216531,348000,2022-03-03,2025-12-29,41574000
354,Dương Khoa,HCM,25-35,Nữ,134,134,27668000,206478,348000,2022-06-19,2025-05-30,41502000
420,Ngô Tâm,Cần Thơ,36-45,Nam,133,133,27656000,207940,348000,2022-01-05,2025-07-31,41484000
350,Phan Lan,Đà Nẵng,25-35,Nam,134,134,27644000,206299,348000,2022-01-01,2025-06-30,41466000
427,Phạm Linh,Hà Nội,36-45,Nữ,123,123,27492000,223512,347000,2022-04-05,2025-08-30,41238000
418,Đặng Mai,Hà Nội,36-45,Nữ,131,131,27479000,209763,347000,2022-08-02,2025-11-30,41218500
159,Hồ Thảo,HCM,25-35,Nam,132,132,27378000,207409,348000,2022-06-02,2025-06-30,41067000
192,Ngô Minh,Cần Thơ,25-35,Nam,132,132,27311000,206902,348000,2022-01-03,2025-09-30,40966500
313,Hồ Nga,HCM,25-35,Nữ,129,129,27259000,211310,348000,2022-02-05,2025-08-31,40888500
33,Nguyễn Nam,HCM,25-35,Nữ,129,129,27236000,211132,348000,2022-08-05,2025-11-30,40854000
149,Đặng Cường,HCM,25-35,Nam,130,130,27216000,209354,348000,2022-07-03,2025-10-31,40824000
366,Phan Phúc,Hà Nội,18-24,Nam,130,130,27190000,209154,348000,2022-03-17,2025-10-31,40785000
245,Trần Linh,HCM,18-24,Nữ,133,133,27180000,204361,347000,2022-06-08,2025-08-31,40770000
241,Đinh Uyên,Hải Phòng,25-35,Nữ,123,123,27163000,220837,348000,2022-03-03,2025-11-29,40744500
124,Hồ Minh,HCM,25-35,Nam,123,123,27063000,220024,348000,2022-01-01,2025-12-31,40594500
412,Nguyễn Trang,Hải Phòng,25-35,Nam,133,133,27050000,203383,348000,2022-01-20,2025-09-30,40575000
473,Đỗ Sơn,HCM,36-45,Nữ,133,133,27006000,203053,348000,2022-05-01,2025-08-31,40509000
228,Lý Sơn,Hà Nội,18-24,Nữ,131,131,26953000,205748,348000,2022-03-07,2025-10-30,40429500
309,Đỗ Tuấn,Cần Thơ,36-45,Nam,131,131,26913000,205443,348000,2022-03-03,2025-07-27,40369500
394,Lý Linh,Cần Thơ,25-35,Nữ,121,121,26834000,221769,348000,2022-03-03,2025-12-31,40251000
347,Đỗ Yến,Đà Nẵng,36-45,Nữ,130,130,26751000,205777,348000,2022-03-03,2025-12-30,40126500
157,Lý Mai,Đà Nẵng,25-35,Nam,124,124,26670000,215081,348000,2022-02-02,2025-09-28,40005000
258,Lý Long,Đà Nẵng,25-35,Nữ,124,124,26609000,214589,348000,2022-07-01,2025-02-27,39913500
459,Ngô Tuấn,HCM,36-45,Nữ,126,126,26517000,210452,348000,2022-06-01,2025-12-30,39775500
348,Đinh Khoa,HCM,36-45,Nam,124,124,26462000,213403,347000,2023-07-05,2025-11-30,39693000
432,Vũ Uyên,Cần Thơ,25-35,Nữ,118,118,26459000,224229,347000,2022-04-01,2025-09-30,39688500
384,Lý Bình,Cần Thơ,25-35,Nữ,129,129,26420000,204806,348000,2022-03-13,2025-12-31,39630000
441,Dương Yến,HCM,25-35,Nam,126,126,26407000,209579,344000,2022-01-01,2025-10-28,39610500
498,Phạm Tuấn,HCM,25-35,Nam,132,132,26384000,199879,348000,2022-01-18,2025-06-30,39576000
224,Hoàng Việt,Hà Nội,25-35,Nam,120,120,26350000,219583,348000,2022-11-02,2025-03-28,39525000
160,Trần Minh,Đà Nẵng,18-24,Nam,125,125,26339000,210712,348000,2022-02-05,2025-07-28,39508500
171,Phan Nga,Đà Nẵng,25-35,Nữ,128,128,26316000,205594,348000,2022-04-02,2025-11-28,39474000
235,Lê An,HCM,18-24,Nam,119,119,26314000,221126,344000,2022-03-06,2025-12-31,39471000
423,Phan Nam,HCM,36-45,Nam,126,126,26306000,208778,348000,2022-04-08,2024-12-31,39459000
225,Ngô Xuân,HCM,36-45,Nữ,123,123,26267000,213553,348000,2022-03-04,2025-11-30,39400500
213,Bùi Trang,Đà Nẵng,25-35,Nam,125,125,26155000,209240,348000,2022-01-10,2025-07-27,39232500
398,Phan Lan,Hà Nội,36-45,Nam,125,125,26113000,208904,348000,2022-03-10,2025-11-29,39169500
240,Đỗ Linh,HCM,25-35,Nữ,132,132,26102000,197742,347000,2022-02-08,2025-08-31,39153000
71,Hoàng Xuân,Cần Thơ,25-35,Nữ,123,123,26065000,211911,348000,2022-07-06,2025-09-30,39097500
20,Đỗ Long,HCM,18-24,Nữ,122,122,26005000,213156,348000,2022-01-05,2025-06-30,39007500
374,Đỗ Hải,Đà Nẵng,25-35,Nữ,127,127,25981000,204575,348000,2022-04-01,2025-10-31,38971500
325,Hồ Tuấn,Hải Phòng,25-35,Nữ,128,128,25981000,202977,347000,2023-04-07,2025-12-31,38971500
15,Trần Xuân,HCM,18-24,Nam,117,117,25921000,221547,347000,2022-10-03,2025-08-31,38881500
65,Dương Huy,HCM,25-35,Nam,122,122,25891000,212221,347000,2022-08-04,2025-09-30,38836500
54,Hồ Huy,Cần Thơ,25-35,Nữ,124,124,25826000,208274,348000,2022-01-05,2025-08-31,38739000
77,Phan Tuấn,Cần Thơ,36-45,Nữ,125,125,25678000,205424,348000,2022-04-02,2025-05-26,38517000
210,Hoàng Xuân,HCM,25-35,Nữ,119,119,25622000,215311,347000,2022-03-13,2025-11-29,38433000
206,Hoàng Hải,HCM,36-45,Nam,118,118,25505000,216144,348000,2022-06-03,2025-09-30,38257500
116,Hồ Oanh,Cần Thơ,25-35,Nữ,113,113,25472000,225416,348000,2022-05-02,2025-11-27,38208000
226,Đặng Uyên,HCM,25-35,Nữ,123,123,25463000,207016,348000,2022-02-01,2025-11-30,38194500
307,Lê Lan,Hà Nội,25-35,Nam,116,116,25443000,219336,348000,2022-04-02,2025-11-29,38164500
281,Hồ Hùng,Cần Thơ,25-35,Nam,116,116,25416000,219103,348000,2022-05-09,2025-09-29,38124000
453,Đỗ Đức,Hà Nội,36-45,Nữ,115,115,25402000,220887,347000,2022-01-12,2025-08-31,38103000
462,Ngô An,Đà Nẵng,36-45,Nữ,129,129,25367000,196643,348000,2022-05-04,2025-03-30,38050500
455,Lê Tâm,HCM,18-24,Nam,118,118,25334000,214695,348000,2022-03-06,2025-06-30,38001000
179,Nguyễn Cường,Hải Phòng,36-45,Nam,117,117,25332000,216513,347000,2022-01-02,2025-12-31,37998000
129,Vũ Oanh,HCM,18-24,Nữ,117,117,25263000,215923,348000,2022-01-06,2025-11-30,37894500
407,Trần Khoa,Hà Nội,25-35,Nữ,122,122,25247000,206943,348000,2022-02-01,2025-09-29,37870500
68,Nguyễn Sơn,Cần Thơ,18-24,Nam,118,118,25188000,213458,347000,2022-03-04,2025-12-31,37782000
329,Phan Bình,Hà Nội,18-24,Nữ,119,119,25156000,211395,348000,2022-01-12,2025-11-26,37734000
335,Đặng Đức,HCM,25-35,Nữ,122,122,25152000,206164,348000,2022-03-14,2025-11-29,37728000
3,Bùi Huy,Đà Nẵng,18-24,Nữ,123,123,25123000,204252,347000,2022-06-03,2024-09-24,37684500
163,Đỗ Long,Đà Nẵng,25-35,Nam,108,108,25120000,232593,348000,2022-01-07,2025-11-29,37680000
194,Đặng Tuấn,Đà Nẵng,18-24,Nữ,114,114,25119000,220342,344000,2022-02-01,2025-09-30,37678500
122,Đặng Dung,Cần Thơ,25-35,Nam,120,120,25080000,209000,348000,2022-04-01,2025-11-30,37620000
175,Đặng Khoa,Đà Nẵng,36-45,Nam,117,117,24816000,212103,348000,2022-08-08,2025-11-30,37224000
338,Dương Minh,Đà Nẵng,18-24,Nữ,116,116,24788000,213690,344000,2023-02-06,2025-12-30,37182000
131,Nguyễn Hà,Hà Nội,36-45,Nữ,115,115,24771000,215400,348000,2023-01-01,2025-12-31,37156500
37,Trần Hùng,Hà Nội,25-35,Nam,117,117,24686000,210991,348000,2022-01-09,2025-07-28,37029000
422,Ngô Quân,Cần Thơ,36-45,Nam,119,119,24675000,207353,348000,2022-01-05,2025-11-30,37012500
162,Dương Hải,Đà Nẵng,18-24,Nam,114,114,24651000,216237,344000,2022-01-02,2025-10-31,36976500
315,Phạm Đức,Cần Thơ,18-24,Nam,116,116,24509000,211284,347000,2022-01-05,2025-12-31,36763500
457,Dương Hà,HCM,18-24,Nữ,126,126,24384000,193524,344000,2022-07-03,2025-12-31,36576000
97,Trần Việt,Hà Nội,25-35,Nam,114,114,24315000,213289,347000,2022-08-08,2025-09-27,36472500
51,Đinh Nga,Hải Phòng,25-35,Nam,116,116,24251000,209060,344000,2022-06-04,2025-07-23,36376500
467,Vũ Dung,HCM,25-35,Nữ,115,115,24170000,210174,348000,2022-11-03,2025-12-31,36255000
331,Trần Trang,Hà Nội,25-35,Nam,109,109,24144000,221505,348000,2022-11-05,2025-07-31,36216000
189,Đinh Mai,Hà Nội,25-35,Nam,113,113,24131000,213549,347000,2022-03-04,2025-10-30,36196500
87,Hồ Long,Đà Nẵng,36-45,Nam,111,111,24097000,217090,344000,2022-03-07,2024-11-30,36145500
99,Hoàng Dung,HCM,18-24,Nam,113,113,24069000,213000,348000,2022-01-02,2025-07-31,36103500
449,Dương Sơn,Hà Nội,25-35,Nam,106,106,24052000,226906,348000,2022-06-02,2025-11-30,36078000
267,Vũ Thảo,Đà Nẵng,25-35,Nữ,119,119,24051000,202109,347000,2022-01-01,2025-11-22,36076500
346,Bùi Sơn,Đà Nẵng,25-35,Nữ,115,115,23895000,207783,347000,2022-04-01,2025-12-31,35842500
349,Đặng Hà,Hà Nội,25-35,Nam,117,117,23838000,203744,348000,2022-04-04,2025-11-29,35757000
193,Lê Xuân,Hải Phòng,25-35,Nam,112,112,23819000,212670,348000,2022-02-03,2025-12-30,35728500
296,Lý Huy,Hà Nội,18-24,Nam,113,113,23792000,210549,348000,2022-02-07,2025-06-30,35688000
264,Lê Dung,Hà Nội,18-24,Nữ,110,110,23752000,215927,348000,2022-01-03,2025-10-31,35628000
468,Trần Yến,Cần Thơ,25-35,Nam,115,115,23727000,206322,348000,2022-03-08,2025-06-29,35590500
463,Hồ Tâm,Đà Nẵng,18-24,Nam,117,117,23611000,201803,344000,2022-09-02,2025-12-31,35416500
369,Hồ Hải,HCM,25-35,Nam,117,117,23530000,201111,348000,2022-07-05,2025-05-30,35295000
173,Bùi Bình,Hà Nội,25-35,Nữ,110,110,23520000,213818,348000,2022-07-11,2025-11-29,35280000
487,Lê Lan,HCM,25-35,Nữ,111,111,23510000,211802,347000,2022-02-19,2025-06-27,35265000
345,Hoàng Oanh,Hà Nội,36-45,Nữ,115,115,23482000,204191,348000,2022-01-02,2025-08-31,35223000
334,Vũ Nam,HCM,36-45,Nữ,115,115,23472000,204104,348000,2022-01-02,2025-12-31,35208000
438,Ngô Thảo,Cần Thơ,25-35,Nam,114,114,23459000,205781,348000,2022-02-01,2025-10-31,35188500
39,Vũ Hà,Đà Nẵng,25-35,Nữ,113,113,23385000,206947,348000,2022-04-01,2024-12-29,35077500
403,Dương Minh,Hà Nội,36-45,Nam,111,111,23239000,209360,348000,2022-01-18,2025-12-28,34858500
164,Trần Việt,Hà Nội,25-35,Nam,113,113,23239000,205655,348000,2022-06-01,2025-09-30,34858500
282,Trần Tuấn,Hà Nội,25-35,Nam,106,106,23225000,219104,348000,2022-02-05,2025-11-28,34837500
268,Ngô Tâm,Đà Nẵng,18-24,Nữ,105,105,23198000,220933,347000,2022-04-01,2025-05-31,34797000
130,Nguyễn Long,Hà Nội,25-35,Nữ,113,113,23181000,205142,348000,2022-05-03,2025-11-26,34771500
288,Phan Hải,Hà Nội,25-35,Nữ,108,108,23126000,214130,348000,2022-01-03,2025-11-28,34689000
481,Đỗ Hùng,Đà Nẵng,36-45,Nam,114,114,23119000,202798,348000,2022-08-20,2025-08-31,34678500
91,Hồ Nam,HCM,18-24,Nữ,104,104,23005000,221202,348000,2022-02-04,2025-11-30,34507500
383,Dương Việt,Đà Nẵng,18-24,Nữ,107,107,22975000,214720,348000,2022-01-06,2025-04-29,34462500
450,Phan Trang,HCM,18-24,Nữ,111,111,22970000,206937,344000,2022-01-15,2025-04-29,34455000
62,Hoàng Huy,HCM,36-45,Nữ,108,108,22904000,212074,347000,2022-03-11,2025-07-28,34356000
49,Phan Hùng,Hà Nội,36-45,Nam,104,104,22866000,219865,344000,2022-05-10,2025-08-31,34299000
108,Vũ Oanh,Cần Thơ,25-35,Nữ,111,111,22729000,204766,347000,2022-01-06,2025-02-27,34093500
96,Vũ Việt,Hà Nội,18-24,Nữ,101,101,22720000,224950,348000,2022-05-01,2025-07-31,34080000
30,Phạm Sơn,HCM,25-35,Nữ,109,109,22604000,207376,348000,2022-07-02,2025-11-30,33906000
27,Bùi Hà,HCM,25-35,Nữ,108,108,22598000,209241,348000,2023-03-02,2025-05-30,33897000
140,Nguyễn Hùng,Hải Phòng,25-35,Nữ,107,107,22579000,211019,348000,2022-02-03,2025-08-31,33868500
119,Trần Long,Cần Thơ,36-45,Nữ,113,113,22578000,199805,348000,2022-06-01,2025-08-31,33867000
53,Lý Trang,Hải Phòng,25-35,Nữ,107,107,22512000,210393,348000,2022-07-03,2025-03-30,33768000
78,Nguyễn Trang,HCM,18-24,Nữ,107,107,22448000,209794,348000,2022-06-10,2025-12-30,33672000
342,Phan Sơn,Hà Nội,25-35,Nữ,104,104,22419000,215567,348000,2022-10-08,2024-12-31,33628500
386,Đỗ Thu,Cần Thơ,25-35,Nữ,108,108,22416000,207556,348000,2022-01-01,2025-06-30,33624000
128,Đặng Đức,Cần Thơ,18-24,Nam,108,108,22381000,207231,347000,2022-02-05,2025-09-30,33571500
456,Nguyễn Khoa,Hà Nội,36-45,Nam,109,109,22380000,205321,348000,2022-01-06,2025-12-31,33570000
336,Phạm Huy,HCM,18-24,Nữ,106,106,22357000,210915,348000,2022-05-03,2025-11-30,33535500
36,Nguyễn Quân,Cần Thơ,18-24,Nam,113,113,22341000,197708,348000,2022-03-10,2025-07-30,33511500
304,Hồ Tuấn,Đà Nẵng,25-35,Nam,105,105,22285000,212238,348000,2022-02-09,2025-11-28,33427500
490,Lê Linh,Cần Thơ,36-45,Nữ,105,105,22275000,212143,347000,2022-01-03,2025-09-29,33412500
411,Hồ Hải,Hà Nội,25-35,Nữ,106,106,22220000,209623,347000,2022-04-02,2025-11-29,33330000
64,Hồ Thảo,Hà Nội,18-24,Nữ,102,102,22164000,217294,347000,2022-03-07,2025-10-31,33246000
120,Hồ Đức,Hà Nội,18-24,Nữ,103,103,22139000,214942,347000,2022-10-06,2025-09-30,33208500
70,Đặng Hùng,Hải Phòng,25-35,Nam,99,99,21971000,221929,348000,2022-05-14,2025-11-25,32956500
302,Ngô Cường,Hà Nội,25-35,Nam,107,107,21958000,205215,348000,2022-07-07,2025-08-31,32937000
209,Ngô Oanh,HCM,18-24,Nam,101,101,21949000,217317,347000,2022-01-08,2025-03-30,32923500
317,Lý Mai,Hà Nội,36-45,Nam,102,102,21901000,214716,348000,2022-01-01,2025-09-30,32851500
43,Hoàng Dung,HCM,36-45,Nam,98,98,21893000,223398,348000,2022-01-13,2025-05-30,32839500
231,Hoàng Yến,Cần Thơ,25-35,Nam,109,109,21825000,200229,344000,2022-01-02,2025-12-31,32737500
365,Lý Việt,Hải Phòng,36-45,Nam,106,106,21820000,205849,348000,2022-03-01,2025-09-30,32730000
290,Phan Cường,Đà Nẵng,25-35,Nữ,104,104,21756000,209192,348000,2022-05-04,2025-04-25,32634000
40,Đỗ Tâm,Hà Nội,36-45,Nam,103,103,21705000,210728,344000,2022-09-03,2024-11-30,32557500
405,Đỗ Tuấn,Hà Nội,36-45,Nữ,101,101,21655000,214406,348000,2022-03-11,2025-04-28,32482500
125,Lý Phúc,HCM,25-35,Nữ,109,109,21642000,198550,347000,2022-01-02,2024-10-31,32463000
187,Đặng Trang,Cần Thơ,25-35,Nam,103,103,21630000,210000,348000,2022-03-07,2025-03-31,32445000
147,Ngô Nga,Đà Nẵng,25-35,Nam,103,103,21624000,209942,348000,2022-02-01,2025-10-31,32436000
182,Phạm Xuân,HCM,25-35,Nam,101,101,21622000,214079,348000,2022-07-10,2025-01-30,32433000
198,Đinh Yến,Cần Thơ,36-45,Nam,99,99,21470000,216869,348000,2022-01-01,2025-05-31,32205000
88,Đinh Minh,Đà Nẵng,25-35,Nữ,105,105,21466000,204438,344000,2022-05-08,2025-07-31,32199000
421,Lê Mai,Cần Thơ,25-35,Nam,103,103,21442000,208175,347000,2022-01-13,2025-10-30,32163000
327,Hồ Bình,Đà Nẵng,25-35,Nam,108,108,21433000,198454,348000,2022-11-04,2025-08-30,32149500
417,Ngô Tuấn,HCM,25-35,Nam,100,100,21337000,213370,347000,2022-03-02,2025-09-30,32005500
435,Hoàng Khoa,HCM,25-35,Nam,104,104,21254000,204365,344000,2022-03-10,2025-11-29,31881000
14,Đinh Tâm,HCM,18-24,Nữ,96,96,21176000,220583,348000,2022-05-02,2025-09-30,31764000
440,Vũ Đức,HCM,25-35,Nữ,96,96,21125000,220052,348000,2022-05-09,2025-07-29,31687500
212,Vũ Hải,Đà Nẵng,18-24,Nam,98,98,21094000,215245,344000,2022-03-02,2025-09-28,31641000
358,Dương Nam,Đà Nẵng,36-45,Nam,99,99,21025000,212374,347000,2022-08-03,2025-08-31,31537500
448,Trần Lan,Cần Thơ,25-35,Nữ,95,95,20992000,220968,348000,2022-03-19,2024-12-30,31488000
391,Bùi Việt,Hải Phòng,36-45,Nữ,104,104,20975000,201683,348000,2022-02-01,2025-09-28,31462500
253,Nguyễn Phúc,Cần Thơ,18-24,Nữ,103,103,20972000,203612,348000,2022-06-03,2025-11-27,31458000
229,Lý Xuân,Cần Thơ,25-35,Nam,103,103,20971000,203602,348000,2022-01-02,2025-12-30,31456500
216,Vũ Cường,HCM,25-35,Nữ,97,97,20887000,215330,348000,2022-05-05,2025-07-30,31330500
434,Hoàng Lan,HCM,36-45,Nữ,101,101,20878000,206713,348000,2023-04-05,2025-12-30,31317000
136,Vũ Dung,Hà Nội,25-35,Nam,99,99,20844000,210545,348000,2022-03-11,2025-09-30,31266000
351,Trần Hà,Hà Nội,25-35,Nữ,95,95,20833000,219295,348000,2022-01-06,2024-11-30,31249500
255,Đỗ Hà,HCM,25-35,Nữ,91,91,20759000,228121,348000,2022-08-06,2025-06-30,31138500
243,Bùi Khoa,Hải Phòng,25-35,Nam,96,96,20659000,215198,347000,2022-05-07,2025-07-30,30988500
451,Nguyễn Hùng,Cần Thơ,18-24,Nữ,96,96,20632000,214917,348000,2023-02-03,2025-03-21,30948000
142,Lý Phúc,HCM,25-35,Nam,97,97,20594000,212309,347000,2022-08-01,2025-07-31,30891000
237,Hồ Oanh,HCM,18-24,Nữ,96,96,20423000,212740,348000,2022-03-01,2025-04-30,30634500
169,Vũ Dung,HCM,18-24,Nam,95,95,20393000,214663,348000,2022-03-07,2025-07-31,30589500
379,Hồ Phúc,Cần Thơ,18-24,Nữ,92,92,20304000,220696,348000,2022-09-03,2025-07-24,30456000
239,Đặng Quân,Đà Nẵng,36-45,Nữ,95,95,20289000,213568,348000,2022-05-03,2024-11-29,30433500
322,Dương Việt,Đà Nẵng,25-35,Nữ,100,100,20288000,202880,348000,2022-04-08,2025-10-31,30432000
257,Lê Dung,Hải Phòng,25-35,Nam,95,95,20207000,212705,347000,2022-03-06,2025-05-31,30310500
176,Phạm Yến,HCM,25-35,Nữ,98,98,20145000,205561,348000,2022-05-04,2025-07-30,30217500
368,Bùi Hải,Hải Phòng,25-35,Nam,89,89,20085000,225674,348000,2022-01-06,2025-09-30,30127500
46,Phan Xuân,Đà Nẵng,36-45,Nam,98,98,20078000,204878,348000,2022-04-03,2025-09-26,30117000
79,Lý Oanh,Hà Nội,25-35,Nam,101,101,19921000,197238,348000,2022-01-09,2025-11-30,29881500
152,Phạm Phúc,HCM,36-45,Nam,97,97,19890000,205052,348000,2022-01-01,2025-06-28,29835000
146,Dương Oanh,HCM,36-45,Nam,99,99,19855000,200556,348000,2022-02-04,2025-07-31,29782500
446,Phạm Trang,Hải Phòng,25-35,Nam,95,95,19843000,208874,348000,2022-03-06,2025-11-30,29764500
471,Đinh Nga,HCM,25-35,Nam,92,92,19755000,214728,348000,2022-08-16,2025-07-29,29632500
32,Lê Nga,HCM,36-45,Nữ,96,96,19724000,205458,348000,2022-06-12,2025-07-18,29586000
419,Dương Hùng,Đà Nẵng,25-35,Nam,95,95,19713000,207505,348000,2022-01-07,2025-04-30,29569500
103,Vũ Phúc,Hà Nội,36-45,Nam,101,101,19658000,194634,348000,2022-03-05,2025-11-28,29487000
273,Đinh Phúc,Cần Thơ,18-24,Nam,92,92,19604000,213087,347000,2023-02-06,2025-11-30,29406000
188,Trần Nam,Đà Nẵng,25-35,Nam,94,94,19567000,208160,347000,2022-03-02,2025-03-30,29350500
191,Bùi Thu,HCM,25-35,Nam,97,97,19515000,201186,347000,2022-07-24,2025-11-29,29272500
190,Bùi Cường,HCM,18-24,Nữ,97,97,19487000,200897,348000,2022-03-02,2024-11-29,29230500
13,Hoàng Hà,Cần Thơ,25-35,Nam,86,86,19397000,225547,347000,2022-01-01,2025-10-31,29095500
133,Dương Lan,HCM,36-45,Nữ,93,93,19364000,208215,341000,2022-01-22,2025-09-28,29046000
316,Vũ Nga,Đà Nẵng,36-45,Nam,88,88,19235000,218580,348000,2022-05-08,2025-07-31,28852500
161,Dương Hùng,Hà Nội,25-35,Nam,90,90,19214000,213489,348000,2022-05-08,2025-11-28,28821000
186,Bùi Minh,Đà Nẵng,25-35,Nữ,86,86,19185000,223081,348000,2022-08-26,2025-11-22,28777500
104,Hoàng Cường,Hà Nội,36-45,Nam,94,94,19103000,203223,348000,2022-02-03,2025-11-30,28654500
102,Đặng Long,Đà Nẵng,25-35,Nam,90,90,19044000,211600,347000,2022-02-11,2025-03-30,28566000
1,Ngô Lan,Hà Nội,36-45,Nam,85,85,19024000,223812,348000,2022-08-04,2025-11-30,28536000
83,Phạm Oanh,Hà Nội,36-45,Nữ,86,86,18966000,220535,348000,2022-03-05,2025-07-31,28449000
465,Hoàng Huy,Hải Phòng,25-35,Nam,89,89,18947000,212888,348000,2022-02-01,2025-08-31,28420500
205,Ngô Minh,Đà Nẵng,36-45,Nam,89,89,18910000,212472,348000,2022-03-05,2025-08-23,28365000
82,Phạm Huy,Đà Nẵng,36-45,Nam,94,94,18853000,200564,348000,2022-01-05,2025-10-31,28279500
106,Đỗ Thảo,HCM,25-35,Nam,91,91,18827000,206890,348000,2022-01-12,2025-03-29,28240500
127,Hoàng Minh,Cần Thơ,25-35,Nam,88,88,18814000,213795,347000,2022-06-05,2025-10-31,28221000
461,Phạm Tuấn,HCM,18-24,Nam,90,90,18799000,208878,348000,2022-01-13,2025-11-29,28198500
38,Đỗ Tâm,HCM,25-35,Nữ,91,91,18737000,205901,347000,2022-01-05,2025-11-27,28105500
375,Phạm Linh,HCM,25-35,Nam,90,90,18725000,208056,348000,2022-03-02,2024-10-31,28087500
278,Lý Mai,Đà Nẵng,25-35,Nam,96,96,18720000,195000,347000,2022-11-02,2025-11-30,28080000
134,Lý Sơn,Hà Nội,25-35,Nữ,91,91,18650000,204945,348000,2022-03-06,2024-05-31,27975000
168,Hoàng Thảo,HCM,36-45,Nữ,93,93,18589000,199882,348000,2022-04-03,2025-08-31,27883500
425,Trần Quân,HCM,18-24,Nam,90,90,18586000,206511,347000,2022-05-03,2025-06-30,27879000
181,Trần Lan,Hà Nội,36-45,Nữ,95,95,18565000,195421,348000,2022-05-03,2025-06-29,27847500
275,Phan Tuấn,Hà Nội,25-35,Nữ,88,88,18442000,209568,348000,2022-01-07,2025-11-29,27663000
57,Đỗ Quân,HCM,25-35,Nam,94,94,18430000,196064,347000,2022-03-18,2025-03-20,27645000
141,Đỗ Linh,Hải Phòng,25-35,Nữ,89,89,18421000,206978,344000,2022-06-04,2025-06-28,27631500
25,Bùi Khoa,Hà Nội,36-45,Nam,87,87,18414000,211655,348000,2022-04-02,2024-09-29,27621000
388,Đỗ Lan,HCM,25-35,Nam,93,93,18398000,197828,348000,2022-04-01,2025-06-30,27597000
156,Đỗ Nga,HCM,36-45,Nữ,85,85,18351000,215894,348000,2022-02-02,2025-11-30,27526500
443,Đỗ Lan,Hà Nội,36-45,Nam,88,88,18327000,208261,348000,2022-03-15,2025-07-31,27490500
269,Đỗ Linh,Hà Nội,36-45,Nam,79,79,18243000,230924,348000,2022-04-05,2025-11-30,27364500
203,Phan Cường,HCM,18-24,Nam,89,89,18193000,204416,347000,2022-10-08,2025-08-31,27289500
477,Nguyễn Lan,HCM,25-35,Nữ,90,90,18151000,201678,347000,2022-01-07,2024-12-29,27226500
7,Đỗ Huy,HCM,18-24,Nam,82,82,18133000,221134,348000,2022-05-04,2025-06-30,27199500
204,Đỗ Uyên,Cần Thơ,25-35,Nam,89,89,18022000,202494,344000,2022-02-01,2025-11-29,27033000
362,Trần An,Đà Nẵng,25-35,Nam,85,85,17940000,211059,348000,2022-06-01,2025-12-31,26910000
48,Nguyễn Minh,Hà Nội,36-45,Nữ,90,90,17937000,199300,348000,2022-01-04,2025-05-31,26905500
113,Đặng Oanh,Hải Phòng,18-24,Nam,82,82,17796000,217024,347000,2022-01-08,2025-02-25,26694000
324,Hoàng Hà,HCM,18-24,Nam,87,87,17752000,204046,348000,2022-07-01,2025-01-29,26628000
76,Dương Thảo,Đà Nẵng,18-24,Nam,86,86,17717000,206012,344000,2022-07-27,2025-03-31,26575500
306,Ngô Sơn,Hải Phòng,25-35,Nữ,84,84,17698000,210690,344000,2023-07-09,2025-02-28,26547000
221,Nguyễn Thu,Đà Nẵng,18-24,Nam,86,86,17692000,205721,344000,2022-07-15,2025-03-29,26538000
118,Ngô Phúc,HCM,25-35,Nữ,83,83,17687000,213096,348000,2022-08-04,2025-08-31,26530500
84,Hoàng Dung,HCM,36-45,Nam,82,82,17647000,215207,348000,2023-01-04,2025-08-31,26470500
393,Dương Sơn,Hà Nội,25-35,Nữ,80,80,17646000,220575,348000,2022-08-19,2025-08-30,26469000
112,Đặng Dung,HCM,18-24,Nữ,75,75,17625000,235000,348000,2022-01-06,2025-10-31,26437500
323,Lý Khoa,Đà Nẵng,36-45,Nam,86,86,17511000,203616,348000,2022-01-01,2025-11-30,26266500
177,Đỗ Trang,Đà Nẵng,18-24,Nữ,82,82,17491000,213305,348000,2023-03-02,2025-09-25,26236500
344,Ngô Yến,Hà Nội,36-45,Nam,79,79,17447000,220848,348000,2022-01-14,2025-06-30,26170500
277,Đặng Mai,Cần Thơ,25-35,Nữ,94,94,17356000,184638,344000,2022-01-03,2025-03-30,26034000
214,Dương Hải,HCM,25-35,Nữ,84,84,17340000,206429,348000,2022-03-10,2025-03-31,26010000
126,Bùi Việt,Hà Nội,25-35,Nam,80,80,17314000,216425,347000,2022-02-01,2024-07-31,25971000
238,Phan Nam,HCM,36-45,Nữ,81,81,17298000,213556,348000,2022-02-04,2025-11-29,25947000
408,Bùi Thảo,HCM,25-35,Nam,78,78,17214000,220692,348000,2022-01-08,2024-10-30,25821000
500,Ngô Uyên,Hải Phòng,18-24,Nữ,86,86,17184000,199814,348000,2022-05-08,2025-07-28,25776000
17,Ngô Dung,Hà Nội,36-45,Nữ,79,79,17167000,217304,347000,2022-03-10,2025-10-27,25750500
433,Hồ Minh,Đà Nẵng,18-24,Nữ,86,86,17109000,198942,348000,2022-11-02,2025-11-30,25663500
359,Đinh Trang,Hải Phòng,18-24,Nữ,86,86,17009000,197779,347000,2022-11-01,2025-03-30,25513500
311,Đỗ Thảo,Hà Nội,18-24,Nữ,81,81,16983000,209667,348000,2022-02-04,2025-09-27,25474500
353,Phạm Phúc,Đà Nẵng,18-24,Nữ,75,75,16944000,225920,344000,2022-07-01,2025-03-29,25416000
201,Vũ Nga,Đà Nẵng,25-35,Nữ,82,82,16923000,206378,344000,2022-07-23,2025-02-25,25384500
377,Lê Phúc,Cần Thơ,25-35,Nữ,81,81,16905000,208704,344000,2022-02-04,2025-02-25,25357500
483,Hoàng Long,Hà Nội,36-45,Nam,78,78,16884000,216462,348000,2022-03-05,2025-06-30,25326000
283,Đinh Hùng,Hà Nội,25-35,Nữ,85,85,16737000,196906,344000,2022-03-03,2024-07-27,25105500
234,Vũ Lan,Hà Nội,25-35,Nam,77,77,16584000,215377,348000,2022-11-03,2025-09-30,24876000
219,Bùi Nga,Đà Nẵng,18-24,Nam,78,78,16441000,210782,348000,2022-02-05,2025-09-29,24661500
493,Nguyễn Hải,HCM,18-24,Nam,71,71,16426000,231352,347000,2022-06-09,2025-11-30,24639000
148,Đinh Lan,Hà Nội,18-24,Nam,84,84,16367000,194845,348000,2022-04-02,2025-06-29,24550500
265,Phạm Thảo,Cần Thơ,25-35,Nữ,81,81,16331000,201617,344000,2022-01-14,2025-09-24,24496500
404,Đỗ Thu,Cần Thơ,18-24,Nam,75,75,16246000,216613,348000,2023-04-08,2025-08-31,24369000
452,Phạm Hải,Đà Nẵng,25-35,Nam,79,79,16194000,204987,347000,2022-10-03,2025-12-29,24291000
150,Phan Cường,HCM,25-35,Nữ,79,79,15968000,202127,348000,2022-03-03,2024-10-29,23952000
90,Lý Khoa,Hà Nội,25-35,Nam,76,76,15959000,209987,332000,2022-02-06,2025-07-30,23938500
137,Dương Bình,Hà Nội,36-45,Nữ,70,70,15927000,227529,347000,2022-04-02,2024-11-24,23890500
117,Phan Nga,Cần Thơ,36-45,Nữ,73,73,15748000,215726,347000,2022-01-08,2025-08-31,23622000
314,Phan Uyên,Hải Phòng,25-35,Nữ,78,78,15717000,201500,347000,2022-08-02,2025-12-29,23575500
217,Lê Bình,Hà Nội,25-35,Nữ,70,70,15702000,224314,344000,2022-02-01,2024-08-27,23553000
195,Hồ Linh,Hà Nội,25-35,Nữ,75,75,15640000,208533,347000,2022-02-14,2025-07-29,23460000
343,Dương Thảo,HCM,25-35,Nữ,68,68,15595000,229338,347000,2022-01-04,2025-12-31,23392500
496,Đỗ Sơn,Hà Nội,25-35,Nữ,78,78,15538000,199205,344000,2022-02-01,2025-06-30,23307000
266,Bùi Oanh,Đà Nẵng,25-35,Nam,78,78,15528000,199077,344000,2022-10-14,2025-10-31,23292000
207,Trần Linh,HCM,36-45,Nam,72,72,15476000,214944,348000,2022-01-02,2025-06-26,23214000
26,Đinh Bình,Cần Thơ,25-35,Nữ,80,80,15444000,193050,347000,2023-03-06,2025-08-31,23166000
184,Phạm Linh,Cần Thơ,36-45,Nam,75,75,15433000,205773,347000,2022-01-02,2025-01-31,23149500
8,Lý Dung,Cần Thơ,36-45,Nữ,73,73,15415000,211164,348000,2022-05-08,2024-09-28,23122500
475,Đặng Đức,Hà Nội,25-35,Nam,69,69,15343000,222362,347000,2022-01-06,2025-11-30,23014500
361,Hồ Thảo,Hà Nội,25-35,Nam,69,69,15325000,222101,348000,2022-04-11,2025-08-31,22987500
414,Trần Linh,Đà Nẵng,36-45,Nam,74,74,15285000,206554,348000,2022-01-03,2025-08-31,22927500
105,Phạm Xuân,Hải Phòng,18-24,Nữ,73,73,15261000,209055,348000,2022-02-01,2025-09-29,22891500
31,Đặng Yến,Đà Nẵng,25-35,Nam,71,71,15174000,213718,348000,2022-03-01,2025-07-29,22761000
293,Trần Oanh,Cần Thơ,36-45,Nữ,72,72,15087000,209542,348000,2023-03-07,2025-03-30,22630500
494,Đinh Mai,HCM,25-35,Nam,66,66,15039000,227864,344000,2022-04-04,2025-09-30,22558500
251,Hồ Thảo,HCM,36-45,Nữ,73,73,15023000,205795,348000,2024-01-03,2025-11-29,22534500
378,Lý Mai,HCM,18-24,Nam,74,74,14927000,201716,344000,2022-06-01,2024-07-31,22390500
312,Vũ Linh,HCM,18-24,Nữ,74,74,14891000,201230,344000,2022-07-07,2025-08-31,22336500
139,Phạm Phúc,Hà Nội,18-24,Nam,73,73,14886000,203918,348000,2022-05-09,2024-01-26,22329000
276,Hoàng Khoa,Hà Nội,25-35,Nữ,69,69,14850000,215217,348000,2022-01-02,2024-10-31,22275000
437,Đặng Linh,HCM,25-35,Nữ,70,70,14728000,210400,344000,2023-03-06,2024-10-31,22092000
319,Đặng Huy,HCM,18-24,Nữ,68,68,14360000,211176,347000,2022-01-04,2025-09-28,21540000
364,Bùi Hà,Hà Nội,18-24,Nữ,69,69,14324000,207594,344000,2022-03-01,2025-08-30,21486000
291,Đinh Khoa,HCM,25-35,Nam,73,73,14262000,195370,328000,2022-07-05,2025-05-31,21393000
19,Bùi Thảo,Hà Nội,25-35,Nam,71,71,13900000,195775,348000,2022-07-19,2024-12-26,20850000
41,Đinh Cường,HCM,36-45,Nam,67,67,13830000,206418,344000,2022-02-09,2025-08-31,20745000
380,Trần Tâm,HCM,25-35,Nam,66,66,13739000,208167,347000,2022-01-05,2025-05-25,20608500
445,Vũ Minh,Cần Thơ,25-35,Nữ,67,67,13681000,204194,344000,2022-07-08,2025-07-30,20521500
202,Phan Dung,HCM,25-35,Nữ,63,63,13642000,216540,347000,2022-04-01,2025-02-28,20463000
178,Phan An,Hà Nội,25-35,Nam,60,60,13598000,226633,348000,2022-01-01,2025-04-29,20397000
143,Hoàng An,Hà Nội,25-35,Nữ,67,67,13581000,202701,348000,2022-09-01,2025-03-31,20371500
100,Bùi Hà,HCM,36-45,Nữ,63,63,13482000,214000,348000,2022-04-01,2025-05-31,20223000
75,Vũ Phúc,Đà Nẵng,36-45,Nam,64,64,13354000,208656,348000,2022-03-03,2025-01-30,20031000
357,Hồ Phúc,HCM,36-45,Nam,65,65,13268000,204123,348000,2022-04-09,2025-11-29,19902000
285,Vũ Hùng,Đà Nẵng,36-45,Nam,68,68,13265000,195074,341000,2022-10-01,2024-08-31,19897500
114,Hoàng An,Cần Thơ,25-35,Nam,63,63,13185000,209286,347000,2022-01-02,2025-11-27,19777500
488,Vũ Hùng,HCM,25-35,Nữ,64,64,13157000,205578,347000,2023-01-01,2024-09-29,19735500
298,Đỗ Sơn,HCM,18-24,Nam,63,63,13126000,208349,348000,2022-04-03,2025-11-29,19689000
289,Đỗ Tuấn,HCM,25-35,Nam,65,65,13111000,201708,348000,2022-05-04,2025-06-29,19666500
466,Vũ Oanh,Hà Nội,36-45,Nữ,62,62,13041000,210339,332000,2022-05-03,2024-04-23,19561500
436,Trần Hải,Đà Nẵng,36-45,Nữ,61,61,12969000,212607,347000,2022-01-02,2025-05-31,19453500
305,Bùi Hà,Đà Nẵng,18-24,Nam,65,65,12957000,199338,348000,2022-02-01,2025-06-30,19435500
495,Đinh Dung,Hà Nội,25-35,Nam,62,62,12944000,208774,348000,2022-04-01,2025-11-30,19416000
284,Hồ Bình,HCM,25-35,Nam,62,62,12864000,207484,348000,2022-02-02,2025-12-26,19296000
497,Nguyễn Nam,Đà Nẵng,36-45,Nam,60,60,12846000,214100,348000,2022-03-08,2024-12-27,19269000
170,Đặng Hùng,Đà Nẵng,25-35,Nam,62,62,12802000,206484,344000,2022-01-05,2025-04-27,19203000
356,Ngô Oanh,Đà Nẵng,18-24,Nam,63,63,12757000,202492,344000,2022-03-10,2025-05-31,19135500
480,Đinh Khoa,Hà Nội,25-35,Nữ,63,63,12591000,199857,348000,2022-05-01,2025-03-30,18886500
22,Lê Tuấn,HCM,18-24,Nữ,58,58,12483000,215224,348000,2022-05-08,2025-07-29,18724500
94,Ngô Phúc,Đà Nẵng,18-24,Nữ,58,58,12464000,214897,347000,2022-05-06,2025-04-29,18696000
248,Lê Linh,Hải Phòng,36-45,Nam,60,60,12425000,207083,348000,2022-03-13,2024-01-25,18637500
406,Ngô Nam,Cần Thơ,36-45,Nữ,61,61,12334000,202197,347000,2022-04-01,2025-08-31,18501000
367,Nguyễn Yến,Hải Phòng,36-45,Nam,62,62,12297000,198339,348000,2022-03-02,2024-12-15,18445500
55,Hồ Quân,Đà Nẵng,25-35,Nữ,57,57,12250000,214912,348000,2022-04-04,2025-08-30,18375000
111,Lý Hà,HCM,36-45,Nam,61,61,12208000,200131,348000,2022-04-08,2024-12-29,18312000
402,Trần Việt,Hải Phòng,25-35,Nam,59,59,11840000,200678,348000,2022-01-04,2025-07-31,17760000
340,Ngô Mai,HCM,36-45,Nam,54,54,11302000,209296,348000,2022-01-04,2024-02-23,16953000
211,Hồ Tâm,Hà Nội,25-35,Nữ,54,54,11183000,207093,348000,2024-12-02,2025-11-30,16774500
155,Đặng Mai,Hải Phòng,36-45,Nữ,54,54,10668000,197556,341000,2022-05-15,2024-02-28,16002000
376,Đỗ Hà,Hà Nội,25-35,Nữ,53,53,10573000,199491,347000,2022-05-03,2025-11-30,15859500
223,Bùi Sơn,HCM,25-35,Nam,54,54,10564000,195630,344000,2022-01-03,2024-05-31,15846000
476,Hồ Sơn,Hải Phòng,25-35,Nữ,49,49,10242000,209020,344000,2022-06-03,2025-04-22,15363000
165,Đặng Quân,HCM,18-24,Nam,46,46,9548000,207565,328000,2022-01-06,2023-07-24,14322000
2,Đỗ Nga,Hải Phòng,18-24,Nam,46,46,9516000,206870,348000,2023-07-12,2025-03-30,14274000
294,Trần Thu,Hà Nội,25-35,Nữ,45,45,9514000,211422,348000,2023-01-13,2025-11-30,14271000
339,Hồ Hùng,Hà Nội,18-24,Nữ,48,48,9511000,198146,348000,2023-05-01,2025-04-29,14266500
109,Lý Oanh,HCM,25-35,Nam,44,44,9470000,215227,348000,2025-04-03,2025-11-29,14205000
301,Vũ Lan,HCM,25-35,Nam,40,40,9188000,229700,347000,2022-05-02,2025-11-30,13782000
197,Đỗ Quân,Đà Nẵng,36-45,Nữ,40,40,9184000,229600,347000,2022-09-02,2024-07-26,13776000
172,Trần Minh,HCM,25-35,Nam,41,41,9015000,219878,347000,2023-11-05,2025-11-30,13522500
259,Đinh Linh,Đà Nẵng,25-35,Nữ,39,39,8882000,227744,348000,2022-01-01,2024-03-24,13323000
485,Lê Hà,Đà Nẵng,36-45,Nam,42,42,8845000,210595,329000,2022-03-05,2024-09-28,13267500
69,Đỗ Long,HCM,18-24,Nữ,45,45,8622000,191600,348000,2022-07-11,2025-07-29,12933000
472,Bùi Việt,Hải Phòng,25-35,Nữ,35,35,7154000,204400,333000,2022-02-02,2024-01-30,10731000
392,Nguyễn Đức,Hà Nội,25-35,Nam,29,29,6401000,220724,348000,2022-10-01,2024-09-25,9601500
199,Trần Yến,Cần Thơ,36-45,Nữ,28,28,5495000,196250,347000,2022-01-03,2023-05-30,8242500
